type,offset,n,median_car
A1_무상증자,-10,254,0.04357794207738541
A1_무상증자,-9,254,0.15227710736196443
A1_무상증자,-8,254,0.24753236925635935
A1_무상증자,-7,254,0.5761157285543661
A1_무상증자,-6,254,0.8778330689247666
A1_무상증자,-5,251,1.5376214669023391
A1_무상증자,-4,250,2.2780153267607157
A1_무상증자,-3,250,2.2851600732349207
A1_무상증자,-2,249,3.3690112130479233
A1_무상증자,-1,248,5.029981516083981
A1_무상증자,0,248,9.947651987556604
A1_무상증자,1,248,12.330290835063368
A1_무상증자,2,248,12.779565462083191
A1_무상증자,3,248,11.769029824581446
A1_무상증자,4,248,12.741536666033177
A1_무상증자,5,248,12.627340852252445
A1_무상증자,6,248,12.6043632930966
A1_무상증자,7,247,12.98653712574711
A1_무상증자,8,247,11.515464447577267
A1_무상증자,9,247,10.991251821535254
A1_무상증자,10,246,-20.04018445322788
A2_자기주식취득,-10,2300,-0.03168491987793898
A2_자기주식취득,-9,2298,-0.11390431806559409
A2_자기주식취득,-8,2295,-0.13422818791947178
A2_자기주식취득,-7,2293,-0.23830378245890405
A2_자기주식취득,-6,2290,-0.3446613369222469
A2_자기주식취득,-5,2288,-0.36582085991256363
A2_자기주식취득,-4,2285,-0.6002277233553843
A2_자기주식취득,-3,2282,-0.5915905743999084
A2_자기주식취득,-2,2279,-0.7359186622887481
A2_자기주식취득,-1,2276,-0.7550619461915105
A2_자기주식취득,0,2272,0.6485106924074779
A2_자기주식취득,1,2269,2.3231342438742253
A2_자기주식취득,2,2264,2.588407308809984
A2_자기주식취득,3,2259,2.8260342598577903
A2_자기주식취득,4,2258,2.9922445875652293
A2_자기주식취득,5,2254,3.3208082460482844
A2_자기주식취득,6,2249,3.34507042253519
A2_자기주식취득,7,2244,3.424063460414123
A2_자기주식취득,8,2242,3.696413025448475
A2_자기주식취득,9,2238,3.7689921555708077
A2_자기주식취득,10,2232,3.777079171826736
A3_주식소각,-10,1024,0.005519067212092499
A3_주식소각,-9,1023,0.02942970965079672
A3_주식소각,-8,1023,0.1504214601999565
A3_주식소각,-7,1023,0.17249103942649224
A3_주식소각,-6,1022,0.20744185011583594
A3_주식소각,-5,1021,0.1903611452919618
A3_주식소각,-4,1020,0.32372508610847817
A3_주식소각,-3,1019,0.44503974662918333
A3_주식소각,-2,1016,0.44631267770064986
A3_주식소각,-1,1014,0.6088505139897227
A3_주식소각,0,1014,1.294270911685175
A3_주식소각,1,1012,1.9227842549790068
A3_주식소각,2,1010,1.5324211152543348
A3_주식소각,3,1007,1.584497445894435
A3_주식소각,4,1004,1.7272134910941983
A3_주식소각,5,999,1.361879753263806
A3_주식소각,6,994,1.1435585532455357
A3_주식소각,7,985,1.2581035806157326
A3_주식소각,8,982,1.1859457748628652
A3_주식소각,9,978,1.346350011930847
A3_주식소각,10,974,1.416758522620335
B1_공급계약,-10,6722,-0.026019543455785277
B1_공급계약,-9,6715,-0.001381994273019771
B1_공급계약,-8,6710,0.02611673209311216
B1_공급계약,-7,6699,0
B1_공급계약,-6,6693,0
B1_공급계약,-5,6688,0
B1_공급계약,-4,6676,-0.019785477479200564
B1_공급계약,-3,6666,-0.008447462025357177
B1_공급계약,-2,6653,0
B1_공급계약,-1,6646,0.07456970758881742
B1_공급계약,0,6639,0.8786500445027712
B1_공급계약,1,6623,0.9163347859955984
B1_공급계약,2,6612,0.7555369821215019
B1_공급계약,3,6602,0.8391977499715009
B1_공급계약,4,6589,0.8299595141701088
B1_공급계약,5,6581,0.6762315851234604
B1_공급계약,6,6570,0.7589775895080084
B1_공급계약,7,6554,0.7111267053196368
B1_공급계약,8,6541,0.8033668215594929
B1_공급계약,9,6523,0.7095757453113141
B1_공급계약,10,6516,0.587571385518118
B2_타법인주식취득,-10,2182,-0.05837701572069531
B2_타법인주식취득,-9,2173,-0.0595279448494801
B2_타법인주식취득,-8,2167,0.014889815366281312
B2_타법인주식취득,-7,2162,-0.02592765700227262
B2_타법인주식취득,-6,2158,-0.011612975275893112
B2_타법인주식취득,-5,2155,-0.05778247375025636
B2_타법인주식취득,-4,2151,0.023645350256251696
B2_타법인주식취득,-3,2146,0.07935313961252
B2_타법인주식취득,-2,2146,0.20596341962019182
B2_타법인주식취득,-1,2146,0.23965748813519183
B2_타법인주식취득,0,2140,0.46787900949304406
B2_타법인주식취득,1,2132,0.7941493222994116
B2_타법인주식취득,2,2123,0.7187490380767381
B2_타법인주식취득,3,2116,0.41508706320241817
B2_타법인주식취득,4,2110,0.41437860665795867
B2_타법인주식취득,5,2105,0.2764503941897756
B2_타법인주식취득,6,2099,0.2540690750298391
B2_타법인주식취득,7,2095,0.21511174015849122
B2_타법인주식취득,8,2090,0.1215484657014052
B2_타법인주식취득,9,2075,-0.03595669036845495
B2_타법인주식취득,10,2067,-0.1443265657816717
B3_최대주주변경,-10,996,0
B3_최대주주변경,-9,992,0.05249264779184082
B3_최대주주변경,-8,992,0.06957595469720967
B3_최대주주변경,-7,990,0.1690134411365063
B3_최대주주변경,-6,987,0.4452829551593651
B3_최대주주변경,-5,985,0.5603738341268705
B3_최대주주변경,-4,982,0.7222664709202353
B3_최대주주변경,-3,981,1.043377120963318
B3_최대주주변경,-2,978,1.6413320782380392
B3_최대주주변경,-1,976,2.497508238887547
B3_최대주주변경,0,967,3.1388247480523823
B3_최대주주변경,1,966,2.827848692736301
B3_최대주주변경,2,965,2.1260666119228997
B3_최대주주변경,3,961,2.4559138151481363
B3_최대주주변경,4,957,2.1437370703048746
B3_최대주주변경,5,954,2.339132169358921
B3_최대주주변경,6,953,2.2337878894607535
B3_최대주주변경,7,950,2.3218888103700266
B3_최대주주변경,8,939,1.9642857142857073
B3_최대주주변경,9,920,2.18925697504401
B3_최대주주변경,10,891,2.1360880325832166
B4_공개매수,-10,55,-0.030368641565670096
B4_공개매수,-9,55,0.14245014245015675
B4_공개매수,-8,55,0.5788894327379279
B4_공개매수,-7,55,0.38559589200799493
B4_공개매수,-6,54,0.9319529074534649
B4_공개매수,-5,54,0.9269747042019494
B4_공개매수,-4,54,1.5037417437493483
B4_공개매수,-3,54,1.4986201572651736
B4_공개매수,-2,54,2.9797468743758095
B4_공개매수,-1,54,4.137493393699149
B4_공개매수,0,54,17.951552440035723
B4_공개매수,1,54,17.65817457243071
B4_공개매수,2,54,16.573534481846714
B4_공개매수,3,54,15.720398264458813
B4_공개매수,4,52,14.529448461529594
B4_공개매수,5,52,13.28001574622426
B4_공개매수,6,52,14.368262922216545
B4_공개매수,7,52,13.906244437285388
B4_공개매수,8,52,13.42674544258561
B4_공개매수,9,51,14.437905819795839
B4_공개매수,10,51,14.421952296522782
C1_유상증자,-10,1597,-0.009396411092987833
C1_유상증자,-9,1593,-0.0366000651059073
C1_유상증자,-8,1585,-0.1086062872258875
C1_유상증자,-7,1573,-0.040996316703999724
C1_유상증자,-6,1567,-0.09947116595314665
C1_유상증자,-5,1559,0
C1_유상증자,-4,1554,0.25816567798156165
C1_유상증자,-3,1551,0.21413276231263545
C1_유상증자,-2,1546,0.6629729663110262
C1_유상증자,-1,1536,1.3547859036784513
C1_유상증자,0,1528,2.098127864088861
C1_유상증자,1,1518,1.5693321405984895
C1_유상증자,2,1508,1.3529163987261588
C1_유상증자,3,1499,1.0683618042347014
C1_유상증자,4,1493,0.9370882153923343
C1_유상증자,5,1485,1.1446746499021678
C1_유상증자,6,1480,1.0459071090458738
C1_유상증자,7,1477,0.5771365149833452
C1_유상증자,8,1474,0.7539429030731126
C1_유상증자,9,1465,0.2020532545329079
C1_유상증자,10,1455,0.020151882237706698
C2_사채발행,-10,1779,-0.11241983537847444
C2_사채발행,-9,1771,-0.04510784876570195
C2_사채발행,-8,1766,-0.1094041510984356
C2_사채발행,-7,1756,-0.27770407237165395
C2_사채발행,-6,1748,-0.049759184952618885
C2_사채발행,-5,1743,-0.11526710932626694
C2_사채발행,-4,1740,0.1170687431007289
C2_사채발행,-3,1733,0.4067541271734365
C2_사채발행,-2,1725,0.5377853748156136
C2_사채발행,-1,1712,1.2173633402393078
C2_사채발행,0,1707,1.3881858525754849
C2_사채발행,1,1702,1.2612577673680014
C2_사채발행,2,1688,1.1613876975254287
C2_사채발행,3,1682,0.9325916769583693
C2_사채발행,4,1677,0.9378676430165933
C2_사채발행,5,1672,0.8690875692054623
C2_사채발행,6,1668,0.6709460386386201
C2_사채발행,7,1661,0.6080773079906843
C2_사채발행,8,1655,0.6918864536326561
C2_사채발행,9,1647,0.02237336674423318
C2_사채발행,10,1644,-0.022930433166101327
C3_감사배임,-10,177,0
C3_감사배임,-9,177,-0.12737211231408363
C3_감사배임,-8,177,-0.20875359129530757
C3_감사배임,-7,176,-0.2931258932103997
C3_감사배임,-6,176,-0.13055499927944192
C3_감사배임,-5,175,-0.2660008958542015
C3_감사배임,-4,175,-0.07755175741848142
C3_감사배임,-3,174,-0.23306621695228236
C3_감사배임,-2,173,0.24954103488136203
C3_감사배임,-1,172,0.2853089212550284
C3_감사배임,0,172,0
C3_감사배임,1,172,-0.012550200803213007
C3_감사배임,2,170,-0.7391426280417029
C3_감사배임,3,170,-0.784418638995002
C3_감사배임,4,169,-0.7013260952197449
C3_감사배임,5,168,-0.7495678904675616
C3_감사배임,6,168,-0.971537206226708
C3_감사배임,7,168,-0.5984390566396711
C3_감사배임,8,168,-0.7922817475368382
C3_감사배임,9,167,-0.4997522913054442
C3_감사배임,10,167,-0.8415891851259794
Z1_정기보고서,-10,45308,0
Z1_정기보고서,-9,45268,0
Z1_정기보고서,-8,45223,-2.220446049250313e-14
Z1_정기보고서,-7,45179,0
Z1_정기보고서,-6,45138,0.0013637244723918585
Z1_정기보고서,-5,45096,0
Z1_정기보고서,-4,45046,0
Z1_정기보고서,-3,45005,0
Z1_정기보고서,-2,44967,0
Z1_정기보고서,-1,44927,-0.0006483822862168864
Z1_정기보고서,0,44877,0.023587906993660646
Z1_정기보고서,1,44810,0.006505594924000047
Z1_정기보고서,2,44770,0.008901826567991655
Z1_정기보고서,3,44703,0.002120353378110007
Z1_정기보고서,4,44645,0.01143158398718147
Z1_정기보고서,5,42622,0.05479347532405843
Z1_정기보고서,6,42221,0.02015031792727573
Z1_정기보고서,7,42091,0.0021056304558229044
Z1_정기보고서,8,42012,3.885780586188048e-14
Z1_정기보고서,9,41965,0.007040620705656142
Z1_정기보고서,10,41927,0